Metric,Otsu,UNet
Dice,0.73250234,0.919505
IoU,0.66852045,0.85592383
Precision,0.7749948,0.92744154
Recall,0.72193384,0.9189494
