Metric,Otsu,UNet
Dice,0.73250234,0.9195104
IoU,0.66852045,0.85595214
Precision,0.7749948,0.9284333
Recall,0.72193384,0.9180281
